,ssp126_low,ssp126_mean,ssp126_high,ssp245_low,ssp245_mean,ssp245_high,ssp370_low,ssp370_mean,ssp370_high,ssp585_low,ssp585_mean,ssp585_high
2020,226691826.35181284,281654300.0,336616781.64818716,183059333.11333776,230744510.0,278429690.88666224,214344386.01162553,260340540.0,306336701.9883745,181269558.18627548,230822910.0,280376265.8137245
2030,405451324.19694865,518809280.0,632167235.8030514,330888756.0178563,435722660.0,540556555.9821436,405015390.82591414,525536350.0,646057313.1740859,381057398.6321816,491615600.0,602173833.3678185
2040,634633220.1297568,795708160.0,956783099.8702432,553000560.3131429,729853500.0,906706447.6868571,698926565.9622821,913613900.0,1128301210.0377178,753487280.1014259,963752500.0,1174017743.898574
2050,768349720.4296377,975546300.0,1182742887.5703623,880661123.4787155,1121617900.0,1362574716.5212843,1187478456.7503407,1501598100.0,1815717703.2496593,1298061538.3913915,1599116900.0,1900172317.6086085
2060,851940738.5185086,1096334800.0,1340728957.4814913,1223412055.605691,1559904800.0,1896397480.394309,1848502413.4173622,2242367200.0,2636232050.582638,1942022186.1357899,2316793600.0,2691565013.86421
2070,868837239.7817998,1097248800.0,1325660296.2182002,1509726861.2950544,1871113100.0,2232499314.7049456,2624855029.4276085,3097692000.0,3570528778.5723915,2624351329.440599,3031598800.0,3438846366.559401
2080,813865972.2150853,1060049100.0,1306232203.7849147,1796427679.0677803,2183336700.0,2570245728.93222,3448698755.5476456,3959128800.0,4469558908.452354,3152364004.951731,3543509500.0,3934655003.048269
2090,734248722.3548303,964867260.0,1195485805.6451697,1994172200.1544685,2397540900.0,2800909527.8455315,4278800001.9149127,4785677300.0,5292554622.085087,3559956316.323669,3899217700.0,4238479011.676331
